decile,customers,defaulters,default_rate,cumulative_share_of_defaulters
1,600,414,0.69,0.3119819140919367
2,600,262,0.43666666666666665,0.5094197437829691
3,600,161,0.2683333333333333,0.6307460437076111
4,600,95,0.15833333333333333,0.7023360964581763
5,600,110,0.18333333333333332,0.7852298417483043
6,600,79,0.13166666666666665,0.8447626224566691
7,600,79,0.13166666666666665,0.9042954031650339
8,600,51,0.085,0.9427279577995478
9,600,46,0.07666666666666666,0.977392614920874
10,600,30,0.05,0.9999999999999999
