feature,importance,std
PAY_1,0.19682252133114703,0.009296009398641615
PAY_2,0.021348812075287014,0.0039100717970180915
BILL_AMT1,0.009444801788863099,0.003400649412172299
LIMIT_BAL,0.0073669066294199115,0.0014590596983215583
PAY_3,0.006086138458147539,0.002739374432551682
BILL_AMT6,0.004172533442415716,0.0022626324907065393
PAY_AMT1,0.0039192591088337055,0.0016179506967377733
PAY_6,0.0034244299063760364,0.00147430350829345
PAY_5,0.003199312746392691,0.0020519046780834386
PAY_AMT3,0.0028834477662280757,0.0016371632082713891
BILL_AMT5,0.0024773444533611856,0.001485393429956281
PAY_4,0.0022529581777467776,0.0018705180435932788
AGE,0.0021120424671748016,0.0013430936268600388
BILL_AMT2,0.0020608972494412293,0.0018076685985224977
PAY_AMT4,0.001902304304800384,0.0012932102376609547
BILL_AMT3,0.0018593230964904506,0.002884778839701899
PAY_AMT6,0.0017037163226453545,0.0017264132443603722
PAY_AMT2,0.0016550287196159142,0.0009522722338523683
BILL_AMT4,0.001538915902197935,0.0015350753400724586
EDUCATION,0.0012397660336612825,0.0007345006484138802
PAY_AMT5,0.0009381195142744159,0.0015356247153253638
