ID,LIMIT_BAL,EDUCATION,AGE,PAY_1,PAY_2,PAY_3,PAY_4,PAY_5,PAY_6,BILL_AMT1,BILL_AMT2,BILL_AMT3,BILL_AMT4,BILL_AMT5,BILL_AMT6,PAY_AMT1,PAY_AMT2,PAY_AMT3,PAY_AMT4,PAY_AMT5,PAY_AMT6,actual_default
20640,260000,1,37,0,0,3,2,2,2,163553,192724,188441,191134,193673,197104,32000,0,7100,7000,6500,7000,1
7661,80000,3,44,2,0,0,0,-2,-2,78950,79788,70319,0,0,0,2815,1858,0,0,0,0,1
13981,360000,1,30,-2,-2,-2,-2,-2,-2,750,1166,398,0,418,1840,1166,398,0,418,1840,0,0
7163,90000,2,26,2,0,0,0,0,0,89947,91929,88433,88010,87814,87831,5000,4300,3500,3500,3700,3100,0
24018,50000,2,25,-1,-1,-1,-1,0,0,5814,-73,11427,191,7391,6554,0,11500,191,7200,2000,7000,0
500,20000,1,38,0,0,0,2,2,0,15912,17272,20565,20705,20255,19933,1623,3916,750,0,800,850,0
10859,40000,1,34,-1,-1,-1,-1,-1,-1,7018,7402,8374,7505,7515,9120,7419,8382,7505,7515,9120,6180,0
6464,160000,2,34,-1,-1,-1,-1,-1,-1,18958,11842,7918,13780,12297,12752,24000,8000,13780,12300,12752,6000,0
17409,50000,2,39,0,0,0,0,0,0,32802,31002,32115,31824,32498,21757,1497,2000,1000,1064,1059,290,0
4620,150000,2,43,0,0,0,0,0,0,89488,89951,86961,79284,74531,78359,5016,5050,3026,5000,5012,4057,0
25594,120000,3,38,0,0,0,0,0,0,118016,117738,120127,119719,118042,120682,5720,5820,5670,4250,4450,4470,0
11287,200000,3,42,0,0,0,0,2,-1,1554,1645,1408,1800,819,886,1345,1108,669,0,886,2415,0
6335,70000,2,33,2,2,2,2,3,2,63963,65350,66279,70580,69180,70392,3000,2600,6000,0,2500,1165,1
2494,290000,2,32,0,0,0,0,0,0,78200,79726,80890,81615,75661,77012,3700,3600,3000,3000,3000,3000,0
29934,190000,3,44,-1,2,-1,2,-1,0,291,291,582,291,582,291,0,582,0,582,0,291,0
3031,120000,1,37,-1,-1,-1,-1,-1,-1,32050,3872,52150,2740,4626,802,3872,52150,2740,4626,802,0,0
11839,150000,1,29,0,0,0,0,0,0,39215,49300,53030,65006,50515,0,11200,16000,12376,1109,0,0,0
26850,20000,2,26,2,0,0,0,2,2,6078,7015,8036,9597,9294,10242,1200,1140,1700,0,1100,0,1
18017,20000,3,40,0,0,0,2,2,0,13195,14197,15657,14418,13561,13291,1238,2959,580,0,435,518,0
22036,230000,2,28,-1,-1,-1,-1,-1,-1,7539,6500,6500,45914,1465,600,6500,6500,45914,1465,600,958,0
13079,200000,1,58,-1,-1,-1,-1,-1,-2,283,5361,6309,385,0,0,5361,6309,385,0,0,3390,0
4595,30000,1,32,0,0,2,0,0,0,28401,31065,30031,29838,29651,1567,3434,0,597,593,31,0,1
27203,150000,2,43,0,0,0,0,0,0,122084,126042,128706,131333,133974,136907,5000,3700,3719,3756,4031,3914,0
21827,260000,1,26,0,0,0,0,0,0,145165,149173,142730,148307,152375,158435,6500,7000,8000,6500,8500,5600,0
6753,30000,3,50,2,2,2,2,2,2,30615,28691,30474,27468,25813,25251,0,3017,12,3000,0,4000,1
11267,70000,2,34,2,2,2,2,2,2,16965,17398,18310,18611,18966,19403,1000,1500,900,800,900,2000,1
11890,30000,2,22,-2,-2,-2,-2,-2,-2,0,0,0,0,0,0,0,0,0,0,0,0,0
12378,120000,1,32,0,0,0,0,0,0,18955,18973,18204,17344,13246,26781,1315,1169,2472,453,500,8494,0
4676,90000,1,29,0,0,0,0,0,0,90749,90595,89059,88822,90978,89363,3481,5167,3300,3615,3217,3500,0
8497,300000,2,36,-1,2,2,-1,-1,-1,1041,654,0,780,70,430,3,0,780,150,710,1000,0
21427,130000,2,24,0,0,0,0,0,0,128499,131370,123434,122806,125287,127992,5100,4500,4400,4500,4700,6400,0
16834,10000,2,45,1,2,2,2,2,0,7953,9164,8876,10009,7169,8842,1500,0,1500,0,3000,2000,0
23630,150000,2,42,0,0,0,-2,-2,-1,97066,95040,0,0,0,217,2000,0,0,0,217,2972,0
8814,160000,2,37,-1,-1,-1,0,0,0,12037,5123,2460,6460,5360,0,5123,2460,4000,107,0,3960,0
27642,40000,2,23,0,0,0,0,0,0,39402,39321,38246,39289,39882,39650,2000,2000,2000,1500,1500,2000,0
21394,200000,1,58,-2,-2,-2,-2,-2,-2,0,0,0,0,0,0,0,0,0,0,0,0,1
20468,10000,2,26,0,0,0,0,0,0,9861,15147,6641,15318,8610,8790,1099,2234,1135,1086,319,319,0
25245,30000,1,25,-1,-1,0,0,0,0,640,29013,27731,28177,20722,0,30013,2000,1232,1000,0,0,0
4731,220000,1,29,0,0,0,0,0,0,47944,44914,46446,37604,15540,20330,5000,5008,7000,4000,5000,150,0
7359,150000,2,27,0,0,0,0,0,0,146778,139111,134382,134593,91112,68482,6554,10000,4749,3304,2285,700,0
4194,10000,1,22,1,3,2,2,2,2,8352,8078,7800,8672,8388,9248,0,0,1000,0,1000,0,0
6073,50000,2,30,-1,-1,2,-1,2,2,416,832,416,3285,2685,2270,832,0,3285,0,190,0,1
20939,280000,2,39,-2,-2,-2,-2,-2,-2,6251,12501,4873,4071,-30,-30,12577,4897,4176,0,0,0,0
1217,360000,3,54,-2,-2,-2,-2,-2,-1,16230,-200,0,0,69000,2500,0,200,0,69000,2500,0,0
17468,180000,2,29,0,0,0,0,0,0,151652,146805,143134,136777,133938,133723,6000,7000,5000,5000,5000,4679,0
15042,350000,1,39,-2,-2,-2,-2,-2,-2,3948,4368,5339,0,0,0,2184,10678,0,0,0,0,0
26404,250000,1,38,-1,-1,-1,-1,-1,-1,14766,990,8150,15410,1276,0,990,8150,15410,1276,0,0,0
22834,170000,2,39,0,0,-1,0,0,0,100849,100000,10274,16446,16578,20487,2000,10274,6446,332,10487,5000,0
24767,430000,2,38,-2,-2,-2,-2,-2,-2,18517,23565,34028,28407,33608,52015,23565,34028,28418,33651,52015,21000,0
19774,150000,3,48,0,0,-1,-1,-1,-1,9730,0,1366,1388,3118,1148,0,1366,1388,3118,1148,496,0
7697,240000,1,36,-1,-1,-1,0,-1,-1,7058,4786,6853,5673,7588,2737,4789,6853,113,7588,2737,0,1
17406,140000,2,47,-2,-2,-2,-2,-2,-2,0,0,0,0,0,0,0,0,0,0,0,0,0
13740,40000,3,43,2,2,7,7,7,7,2400,2400,2400,2400,2400,2400,0,0,0,0,0,0,1
16274,30000,3,31,0,0,0,0,0,0,9388,10387,10624,11539,11771,9075,1162,1229,1144,376,329,345,0
25789,200000,1,33,-2,-2,-2,-2,-2,-2,9099,3771,664,0,641,5506,3775,664,0,641,5506,1847,0
1735,100000,2,36,-2,-2,-2,-2,-2,-2,2205,0,1983,3543,0,0,0,1983,3543,0,0,2645,0
5143,60000,3,48,0,0,0,0,0,0,62652,57562,51278,46685,31584,26482,2300,2200,1900,1191,1219,7971,0
13534,50000,3,41,0,0,0,0,0,0,15502,14446,10339,10766,10945,11214,1500,1500,600,500,600,500,0
18600,320000,1,27,0,0,0,0,0,0,120158,122307,112144,107318,105952,109626,6000,5000,5333,5000,5000,3000,0
4216,120000,2,30,0,0,0,0,0,0,100802,104378,106651,108362,96168,99399,5200,5500,5000,5000,5000,5000,0
16910,90000,3,46,0,0,0,0,0,0,91092,91229,66730,44850,29257,24755,4000,3000,2000,638,2000,500,0
9137,300000,1,28,0,0,2,0,0,0,24763,33484,31501,32678,36147,40503,10700,0,2000,4000,5000,0,0
6024,70000,3,71,0,0,0,2,0,0,64670,66197,70867,54425,55555,48530,3166,6550,0,2033,1915,1708,0
2545,20000,2,25,0,0,0,0,0,0,13896,12906,13983,10983,5400,0,2000,2500,2000,0,0,0,1
22197,450000,1,29,0,0,0,0,0,0,104457,68877,62223,65522,61413,63547,2489,2528,10179,10013,5183,5000,0
2794,250000,2,44,1,-1,-1,0,0,0,0,664,62791,48598,50078,36050,664,65791,2000,2100,2000,0,0
22092,320000,2,29,0,0,0,0,0,0,34818,22718,9398,10222,13791,13498,1690,1500,1000,3628,1041,1006,0
5873,80000,3,30,0,0,0,-1,0,0,36676,38247,39856,28698,29299,30120,2165,2774,30458,1063,1308,4317,0
29823,100000,2,46,0,0,-1,-1,-1,-2,60799,10095,1494,2200,0,0,2036,1504,2506,0,0,0,0
3833,120000,3,48,-1,2,-1,-1,0,-1,3845,199,1823,3646,1823,1823,0,1823,3646,0,1823,1823,1
1193,270000,2,34,-1,-1,-1,-1,-1,-1,381,3376,2958,4154,5885,3129,3406,2983,4172,5912,3143,0,1
16705,50000,3,42,2,0,0,0,0,2,4864,5876,6898,7910,8681,8397,1252,1274,1286,1057,0,306,0
10390,20000,2,25,2,2,4,4,4,4,1650,1650,1650,1650,1650,1650,0,0,0,0,0,0,1
17800,50000,1,23,0,0,0,0,0,0,18666,15554,17159,8402,6646,7534,2000,2000,1500,500,1000,2000,0
4558,160000,1,39,0,0,2,0,0,0,43583,50028,48928,49812,50855,52354,7500,0,2000,2000,2500,2100,0
19917,30000,1,49,-2,-2,-2,-2,-2,-2,3340,0,1220,480,0,174,0,1220,480,0,174,1162,0
12129,50000,2,46,0,0,0,0,0,0,49776,50405,49099,19125,18504,19197,2056,1300,669,671,1000,684,1
20019,520000,2,42,0,0,0,0,0,0,437492,405442,381086,353074,330171,324386,14710,14200,12300,11200,11200,11200,0
21248,350000,1,35,0,0,0,2,-1,2,15193,19734,5338,3042,2418,2233,5197,3000,0,2500,0,5000,0
1663,90000,1,27,-2,-2,2,2,-2,-2,1179,6346,4607,-6,-2153,-4306,7020,2980,3000,0,0,0,0
5053,100000,1,25,-1,0,0,-1,-1,0,16659,13585,7886,5578,8608,11756,10000,4000,5578,11756,10000,5470,0
5037,320000,1,33,-1,-1,2,0,0,-1,368,10038,8434,7061,1289,365,10550,0,0,0,365,12110,0
20607,150000,1,30,-2,-2,-2,-2,-2,-2,989,1023,7542,1200,0,0,1023,7542,1200,0,0,689,0
18956,50000,2,23,0,0,0,0,0,0,51002,50974,50021,49353,30439,29890,1983,2456,3288,1230,1085,1252,1
20145,140000,2,41,0,0,0,0,0,0,130439,108411,107113,120327,62855,67243,5000,5000,20000,10000,10000,10000,0
22417,130000,2,39,2,2,2,0,0,2,108879,111115,107185,108569,112541,114885,5500,0,5399,8000,5000,0,0
13882,90000,1,29,1,2,0,0,0,0,9370,9078,10267,10350,10564,10771,0,1500,550,529,531,550,1
23187,360000,1,39,-1,-1,-2,-2,-1,-1,1070,0,0,0,906,0,0,0,0,906,0,4341,1
19014,160000,3,31,-2,-2,-2,-2,-2,-2,207,565,1990,0,0,0,565,2009,0,0,0,0,1
5593,30000,2,49,3,2,2,2,2,2,26319,27404,27769,28227,28642,28042,1800,1100,1200,1000,0,2200,0
3673,100000,1,26,-1,-1,-2,-2,-2,-2,26273,-73,-73,-73,-73,-73,0,0,0,0,0,0,1
13120,120000,1,42,0,0,0,0,0,0,23331,12125,13903,13858,14777,46061,5000,5000,5000,5000,10000,6000,0
16946,230000,2,51,2,0,0,0,0,0,204643,197993,84076,77766,70066,62865,5805,2965,3500,2600,2500,1901,0
5160,400000,1,28,-1,0,-1,0,0,0,1416,1548,22085,21021,19761,12613,1052,22085,420,56,687,800,0
9292,230000,3,25,0,0,0,0,-1,-1,26214,26504,20010,0,104160,0,2000,1067,0,104160,0,0,0
13498,10000,3,37,-1,-1,-1,-1,-1,-1,678,500,381,2977,1000,0,602,381,2986,1203,0,0,1
4503,70000,2,27,1,2,0,0,0,0,71570,68138,67682,50256,43353,44219,0,2705,2115,1583,1597,1500,1
3280,170000,2,48,-2,-2,-1,-1,-1,-1,18727,64028,107946,13608,110667,6878,66513,108323,13608,112876,3998,1118,0
5932,230000,2,43,0,0,0,0,0,0,84821,87055,87601,89762,92735,95768,4293,4162,5000,5000,5000,5000,0
25032,90000,2,58,0,0,0,0,0,0,93737,85818,88988,50780,50929,48735,3600,5100,2200,2200,1944,2200,0
613,50000,2,37,0,0,0,0,0,0,48226,48727,46228,46755,43686,44573,2000,1684,1601,2000,2000,2000,0
27597,210000,1,29,-1,-1,-1,-1,-1,-1,2783,1080,2855,20787,8307,1747,1088,2855,20787,8314,1747,309,0
16631,120000,2,25,0,0,2,0,0,0,11147,9757,9423,3345,2929,2520,2446,438,1000,0,7,0,0
1912,170000,1,31,-1,-1,-1,-1,-1,-1,1561,1239,7315,10730,1686,9445,1239,7352,10730,1686,9445,3444,0
20693,50000,2,29,0,0,0,0,0,0,13200,12930,12684,12050,11005,9952,1506,1521,1148,364,355,390,0
27562,230000,1,56,0,0,0,0,0,0,38349,39154,39921,40828,37934,38889,1933,1700,1600,1340,1548,1844,0
15,250000,1,29,0,0,0,0,0,0,70887,67060,63561,59696,56875,55512,3000,3000,3000,3000,3000,3000,0
21346,350000,1,57,0,0,0,0,0,0,262719,269742,263086,269832,271763,276224,11500,18000,11000,11500,14000,12000,0
3303,20000,2,23,1,3,2,2,0,0,17529,16967,17176,16605,17185,18340,0,780,0,1000,1600,1000,1
22282,210000,2,30,-1,-1,-2,-2,-2,-2,2818,0,0,0,0,0,0,0,0,0,0,0,0
7258,60000,2,24,0,0,0,0,0,0,58143,60221,50135,19553,11896,15241,3044,1123,7553,474,3586,305,1
14224,20000,1,42,0,0,0,-2,-2,-1,15610,18250,0,0,0,1000,3000,0,0,0,1000,8024,0
3658,150000,2,31,0,0,0,0,0,0,104014,108229,109374,111279,125353,126913,5500,4005,3241,15500,4000,3568,0
9002,260000,1,31,-1,-1,-1,-1,-1,0,1629,933,2218,4068,9829,21270,933,2220,4068,9829,11680,553,0
19698,120000,2,38,2,2,2,2,2,2,63700,65069,66450,67373,68186,68959,3000,3000,2600,2500,2000,3000,1
3748,200000,1,43,-1,-1,-1,-1,-1,-1,1144,2480,3372,1081,2384,6595,2506,3380,1085,2394,6601,29708,0
16555,10000,1,30,3,2,2,7,7,7,2300,2300,2300,2300,2300,2300,0,0,0,0,0,0,1
20564,30000,3,25,0,0,-2,-2,-2,-2,1211,-50,-440,-830,-1220,-1220,0,0,0,0,0,2000,0
3470,220000,2,41,0,0,0,0,0,0,126532,90013,91191,86139,83743,78555,4500,4006,3000,3000,3000,6000,0
6723,560000,1,47,-1,-1,-1,-1,-1,-1,10501,69458,23445,105199,47519,73537,69803,23560,109726,48237,74014,19443,0
28529,80000,2,34,0,0,0,0,0,0,71435,72886,74678,74080,75251,77040,2642,3000,3274,3000,3000,3100,0
28747,120000,1,32,-1,-1,-1,-1,-1,0,497,0,1085,193,1549,1549,0,1085,193,1549,0,787,0
9564,300000,2,33,-1,-1,-1,-1,0,-1,1496,1496,1496,2490,1996,1494,1500,1500,2494,1006,1498,2003,0
19605,110000,1,31,1,-2,-2,-2,-2,-2,0,0,0,0,0,0,0,0,0,0,0,0,0
20645,130000,1,42,-1,2,-1,-1,0,0,390,390,955,1170,1170,780,0,955,1170,0,0,0,1
26651,30000,2,25,2,0,0,0,0,0,29608,27471,29075,26011,13900,0,1600,3000,1200,139,0,0,0
18214,300000,1,50,0,0,0,0,0,0,301731,230617,306116,291201,241557,193103,60000,80006,10523,8565,8700,3412,1
11696,20000,3,53,-1,-1,-2,-2,-1,-1,4400,-220,-220,-610,390,0,0,0,0,1390,0,780,0
9094,50000,2,30,2,0,0,-2,-2,-2,6425,4580,0,0,0,0,1050,0,0,0,0,0,1
19648,500000,2,31,1,-1,-1,-1,0,0,0,5377,4131,44588,44388,5085,5377,4131,44588,0,0,3148,0
14923,20000,2,25,2,2,2,2,0,0,8880,9889,10087,9585,10082,10965,1500,700,0,1000,1400,0,0
5249,30000,2,28,0,0,0,2,0,0,11692,14505,17262,16690,17763,18960,3000,3000,0,1500,1500,1500,1
7305,180000,2,37,0,0,0,0,0,0,78089,75159,76602,76896,78588,77770,3333,3310,2900,3040,3500,2300,0
27450,20000,1,33,0,0,0,0,0,0,20276,20134,20298,19269,19254,19484,1326,1326,1287,662,903,500,0
10427,500000,1,40,-2,-2,-2,-2,-2,-2,2121,0,0,0,0,522,0,0,0,0,522,117,0
4049,150000,2,39,0,0,0,2,2,2,76415,78836,87265,85084,93323,91783,4150,10575,0,9717,0,3300,1
29365,20000,1,22,-2,-2,-2,-2,-2,-2,-7,-7,730,1000,300,0,0,737,1060,300,0,0,0
15975,50000,2,35,0,0,0,0,0,0,16053,16024,25350,25738,25948,26163,2000,10000,1500,1000,1000,1500,0
10272,60000,3,29,0,0,0,0,0,0,59190,56704,48980,34416,28818,28546,2200,2300,3000,1100,1000,1000,0
15021,70000,2,45,1,2,2,2,2,0,9728,9423,12251,12358,11865,11975,0,3000,600,0,450,500,0
2767,180000,2,36,0,0,0,0,0,0,98736,96566,81166,72463,72189,70712,6025,5000,6800,5000,5000,5000,0
3895,100000,2,27,0,0,0,0,0,0,82609,81989,82466,78234,75615,76849,3106,3000,2805,2739,3085,2958,0
10265,20000,1,47,0,0,0,3,2,0,16888,17928,20312,19696,19648,20154,1616,3000,0,408,826,872,0
15528,190000,2,39,0,0,0,0,0,0,146224,149289,152886,156273,159800,162570,5500,6000,6000,6000,6000,6000,0
17383,280000,1,44,0,0,0,0,0,0,230931,235635,197003,198808,187425,177340,8634,7665,6497,5555,5027,5065,0
28015,150000,2,28,0,-1,-1,-1,0,0,5527,614,12515,10749,7549,5749,1000,13000,12006,7000,0,0,0
5936,200000,2,34,0,0,0,-1,-1,-2,4798,4490,5366,2141,0,0,1125,1000,2141,0,0,0,0
7666,80000,2,33,-2,-2,-1,-1,0,0,47867,31925,731,55541,56703,57833,1925,731,56000,2055,2070,4447,0
20746,30000,2,42,-1,-1,-1,-1,-1,-1,2782,2975,2230,1390,4040,3080,2975,2230,1390,4040,3080,2190,0
8081,230000,3,30,0,0,0,0,0,0,105105,51584,44005,35161,24985,25176,2068,1894,1466,1018,1136,503,0
227,350000,3,44,-1,-1,-1,-1,-1,-2,3265,2686,1864,569,0,0,2686,1864,569,0,0,0,0
16447,20000,1,54,0,0,0,4,3,2,14034,15296,20035,19435,18835,18395,1500,5000,0,0,0,3000,1
19400,320000,1,31,-1,-1,-1,-1,-1,0,11910,4401,3345,1104,82434,82319,4445,3398,1104,82434,0,20895,0
24726,150000,2,31,-2,-1,-1,-1,-1,-2,0,648,0,1448,0,0,648,0,1448,0,0,3632,0
19924,50000,2,31,0,0,0,0,0,0,22716,19198,19462,14841,11088,10301,2000,1510,4000,1000,600,500,0
2,120000,2,26,-1,2,0,0,0,2,2682,1725,2682,3272,3455,3261,0,1000,1000,1000,0,2000,1
16922,200000,2,55,0,0,0,0,0,0,169287,172655,178858,180101,173138,176920,6177,8982,6758,6257,6633,6115,0
10908,150000,1,30,2,2,2,2,2,2,17352,21338,20304,21585,20718,22813,5000,0,2000,0,3000,0,1
14584,60000,3,43,2,2,-2,-2,-2,-1,4703,0,0,0,0,992,0,0,0,0,992,14000,1
4396,50000,1,23,-1,-1,-1,0,0,-1,1413,-60,550,390,0,780,0,1000,230,0,780,0,0
25155,70000,2,26,2,2,2,0,0,0,71862,73594,71851,68539,49027,48969,3500,0,3100,1900,2000,1865,1
22764,220000,2,26,0,0,0,0,0,0,68090,58218,47679,37788,23293,7288,4039,3021,1400,3000,2000,100000,0
29682,360000,1,40,-1,3,2,-1,-1,2,499,499,499,13136,9160,2752,0,0,13169,2784,12,14293,1
10755,220000,1,31,-2,-2,-2,-2,-2,-2,2828,2828,2828,2828,2828,3013,2828,2828,2828,2828,3013,2828,0
12751,20000,3,23,1,2,0,0,0,3,14034,13524,14983,16197,18932,18271,0,2000,1780,3000,0,0,1
7956,50000,3,27,2,0,-1,-1,-2,-2,49929,49667,780,0,0,0,1750,780,0,0,0,0,0
4420,450000,1,28,-1,-1,-1,-1,-1,-1,108,-58,14276,1346,1448,4005,0,14500,1346,1448,4005,166,0
5590,50000,2,39,0,0,0,0,0,0,47407,37716,30873,24659,15849,8540,2039,1400,1612,0,0,0,0
7061,120000,2,37,0,0,0,2,0,0,12006,13024,14795,14313,14762,14902,1171,1942,0,626,478,495,0
18394,90000,1,24,2,2,2,2,0,0,14085,13558,12193,12986,11831,12488,0,2000,1300,700,1000,3500,1
27677,200000,2,36,0,0,0,0,0,0,184697,186660,77221,110294,68214,72103,8001,5000,35000,6000,5000,5000,0
20352,60000,3,26,0,0,0,0,0,0,56387,57648,59521,58637,38490,38492,2200,2805,1764,1356,1500,1523,0
7534,350000,1,41,-2,-2,-2,-2,-2,-2,0,3813,1298,500,2398,0,3813,1298,500,2398,0,1902,0
3074,360000,1,30,-1,-1,-1,-1,-1,-1,312,312,312,312,251,-61,313,313,313,252,1,95971,1
25872,80000,2,36,1,-2,-2,-2,-2,-2,4233,14233,15854,10000,10000,10000,14233,15854,10000,10000,10000,10000,0
24612,80000,2,32,-1,-1,-1,-1,-1,-1,2976,13384,2255,1830,2647,11083,13424,2267,1835,2655,11116,4020,0
24962,80000,2,35,0,0,0,0,0,0,77298,71051,71239,75710,63977,43385,2515,3000,6000,3008,2000,0,0
6952,30000,2,26,1,2,2,0,0,0,5231,6299,6052,6299,7190,7469,1300,0,500,1000,400,1500,1
24454,110000,4,36,0,0,0,0,0,0,58949,60131,61329,62402,63112,64325,3000,3000,3000,2500,3000,2500,0
8465,470000,2,31,0,0,0,0,0,0,78833,80562,82718,85334,87948,90479,3000,3500,4000,4000,4000,4200,0
16520,420000,2,26,1,2,2,0,0,0,390188,395881,382620,333210,324487,327615,14000,15,13175,11700,11900,12140,1
16057,50000,2,35,0,-1,0,0,0,-2,2628,1000,2050,3000,0,0,1000,1050,1000,0,1000,0,0
23777,80000,1,52,0,0,0,0,0,0,34243,35240,36275,37290,38030,38838,1570,1605,1620,1360,1420,1500,0
17024,70000,1,23,0,0,0,0,0,0,7668,8878,10077,11203,11320,11487,1500,1500,1600,600,500,600,1
20236,200000,3,54,-1,2,-1,-1,-1,-1,2841,1709,1312,2404,3786,1916,0,1312,2404,3786,1916,2299,0
29160,150000,1,55,-1,-1,-1,-1,0,-1,14149,18734,17822,32353,25007,16708,18734,18040,32353,25000,16708,168381,0
24774,500000,1,40,0,0,-2,-2,-2,-2,18110,0,0,0,0,0,0,0,0,0,0,0,0
24277,320000,1,31,-2,-2,-2,-2,-2,-2,4445,4959,4000,3992,1590,-10,4984,4121,4012,1598,0,0,0
9767,360000,1,49,1,-1,-1,-1,-1,-1,-3,630,1019,320,5817,907,633,1030,321,5846,911,6965,0
13462,50000,3,46,0,0,0,0,0,0,21453,22365,12874,13341,10556,9396,1634,1143,610,509,500,1000,0
17295,30000,3,31,2,3,2,2,2,0,30057,29280,30206,30496,29731,29047,0,1700,1100,3,1053,1303,0
15376,500000,2,33,0,0,0,0,0,0,264479,275025,285034,290002,295756,302149,15000,14500,10370,11000,11000,13000,0
7168,210000,1,37,-1,-1,-1,-1,-1,-1,3094,565,1188,2667,546,578,565,1188,2667,546,578,2769,0
3207,300000,1,37,-1,-1,0,-1,-1,-1,3144,5688,2297,3115,3172,1589,5734,2018,3138,3187,1597,2394,0
10773,50000,1,23,1,2,0,0,0,0,10393,9895,10726,10863,11200,11272,0,1500,800,700,600,600,0
29997,150000,3,43,-1,-1,-1,-1,0,0,1683,1828,3502,8979,5190,0,1837,3526,8998,129,0,0,0
6166,360000,2,42,0,0,0,0,0,0,429169,278515,259097,259999,265746,259299,16629,9519,9367,10001,9513,9973,0
16997,50000,2,22,0,0,-1,-1,-1,-1,8585,0,880,0,150,528,0,880,0,150,528,25775,0
25451,50000,2,25,0,0,0,0,0,-2,42684,40407,31811,13898,0,0,2000,1814,1000,0,0,0,0
26106,80000,2,38,0,0,0,0,0,0,43170,44151,45505,43485,44830,43229,2000,2100,2000,2000,2000,2000,0
